{
    "pushoverAppKey": "AAAAAAAAAAAAAAAAAAAAAAAAAAAAAAAA",
    "pushoverUserKey": "BBBBBBBBBBBBBBBBBBBBBBBBBBBBBBBB",
	"msolFireProxEndpoints": ["https://h7u1coci94.execute-api.us-east-1.amazonaws.com/fireprox/common/oauth2/token","https://34l85v22bb.execute-api.us-west-1.amazonaws.com/fireprox/common/oauth2/token","https://idrny41p17.execute-api.us-west-2.amazonaws.com/fireprox/common/oauth2/token","https://c68558pryc.execute-api.ca-central-1.amazonaws.com/fireprox/common/oauth2/token","https://3dcysopop3.execute-api.eu-central-1.amazonaws.com/fireprox/common/oauth2/token","https://u8enhg4ada.execute-api.eu-west-1.amazonaws.com/fireprox/common/oauth2/token","https://ju5ti8i44c.execute-api.eu-west-2.amazonaws.com/fireprox/common/oauth2/token","https://hyicpjkkrc.execute-api.eu-west-3.amazonaws.com/fireprox/common/oauth2/token","https://ajwaca80ua.execute-api.eu-north-1.amazonaws.com/fireprox/common/oauth2/token"],
    "msolFireProxEndpointsUs": ["https://29pu2v5kjj.execute-api.us-east-1.amazonaws.com/fireprox/.common/oauth2/token","https://z9gge3re37.execute-api.us-west-1.amazonaws.com/fireprox/.common/oauth2/token","https://hk5q4ipdre.execute-api.us-west-2.amazonaws.com/fireprox/.common/oauth2/token","https://60sp4cag1d.execute-api.ca-central-1.amazonaws.com/fireprox/.common/oauth2/token","https://t5t68bepe7.execute-api.eu-central-1.amazonaws.com/fireprox/.common/oauth2/token","https://l8e555jcpe.execute-api.eu-west-1.amazonaws.com/fireprox/.common/oauth2/token","https://9eot1es7sh.execute-api.eu-west-2.amazonaws.com/fireprox/.common/oauth2/token","https://dhb025gm0h.execute-api.eu-west-3.amazonaws.com/fireprox/.common/oauth2/token","https://9emgc7sjnb.execute-api.eu-north-1.amazonaws.com/fireprox/.common/oauth2/token"],
    "teamsEnumFireProxEndpoints": ["https://rv5jonq0ch.execute-api.us-east-1.amazonaws.com/fireprox/","https://7ok0k68m2e.execute-api.us-west-1.amazonaws.com/fireprox/","https://n9lrqx1m88.execute-api.us-west-2.amazonaws.com/fireprox/","https://hogobucay8.execute-api.ca-central-1.amazonaws.com/fireprox/","https://78a6vw9h61.execute-api.eu-central-1.amazonaws.com/fireprox/","https://abpju5w7og.execute-api.eu-west-1.amazonaws.com/fireprox/","https://jtagibm059.execute-api.eu-west-2.amazonaws.com/fireprox/","https://sg7yswh1j9.execute-api.eu-west-3.amazonaws.com/fireprox/","https://fbthf8iv8l.execute-api.eu-north-1.amazonaws.com/fireprox/"],
    "aadSSoFireProxEndpoints": ["https://ed0r0hyio0.execute-api.us-east-1.amazonaws.com/fireprox/","https://wb2l3vzjk4.execute-api.us-west-1.amazonaws.com/fireprox/","https://fdlgpeizvb.execute-api.us-west-2.amazonaws.com/fireprox/","https://r3bcpjqyp7.execute-api.ca-central-1.amazonaws.com/fireprox/","https://oa1j2yxzh9.execute-api.eu-central-1.amazonaws.com/fireprox/","https://wfi5gjbvb7.execute-api.eu-west-1.amazonaws.com/fireprox/","https://y5kfm5ten9.execute-api.eu-west-2.amazonaws.com/fireprox/","https://um2fd9dz56.execute-api.eu-west-3.amazonaws.com/fireprox/","https://94t8740t4m.execute-api.eu-north-1.amazonaws.com/fireprox/"],
    "dehashedEmail" : "",
	"dehashedApiKey": "",
    "sacrificialO365Username": "swiggyusersu@gmail.com", 
    "sacrificialO365Passwords": "Passw0rd@123" ,  
    "proxyEndpoint": "" 
  }